retrievers,hit_rate,mrr,cost_time
bm25_top_1_eval,0.0,0.0,393.0635452270508
bm25_top_2_eval,0.0,0.0,383.9991092681885
bm25_top_4_eval,0.0,0.0,358.5009574890137
bm25_top_6_eval,0.0,0.0,394.84357833862305
bm25_top_8_eval,0.0,0.0,380.7342052459717
bm25_top_10_eval,0.0,0.0,387.0398998260498
