retrievers,hit_rate,mrr,cost_time
ensembel_top_1_eval,0.7474747474747475,0.7474747474747475,11393.540620803833
ensembel_top_2_eval,0.7272727272727273,0.6818181818181818,12934.354782104492
ensembel_top_4_eval,0.8383838383838383,0.6784511784511783,17545.891523361206
ensembel_top_6_eval,0.8888888888888888,0.6702020202020201,19292.78326034546
ensembel_top_8_eval,0.9393939393939394,0.6607383357383357,21426.180839538574
ensembel_top_10_eval,0.9090909090909091,0.6495831329164662,24088.55938911438
